1,CONFIRMED,2.470613385000,12.85000,1344.0,772.22
2,CONFIRMED,2.204735365000,16.39000,2025.0,3973.70
3,CONFIRMED,4.887802706000,4.84000,801.0,97.10
8,CONFIRMED,3.213668628000,4.14000,1507.0,1218.92
11,CONFIRMED,3.522498573000,14.83000,1521.0,1264.67
13,CONFIRMED,17.855219698000,14.63000,942.0,186.24
14,CONFIRMED,1.763587569000,25.80000,3560.0,37958.27
18,CONFIRMED,3.234699312000,13.41000,1355.0,797.62
19,CONFIRMED,3.548465405000,15.28000,1640.0,1708.28
21,CONFIRMED,4.437963030000,18.22000,1338.0,757.65
23,CONFIRMED,7.891448474000,12.24000,1000.0,235.93
32,CONFIRMED,12.815883780000,2.28000,946.0,189.05
33,CONFIRMED,6.887060370000,1.31000,1163.0,432.81
34,CONFIRMED,35.333086600000,1.50000,674.0,48.89
35,CONFIRMED,17.833682110000,2.47000,859.0,128.66
39,CONFIRMED,3.487689428000,4.36000,1291.0,656.81
40,CONFIRMED,6.029795180000,0.91000,1075.0,315.74
47,CONFIRMED,9.434151089000,5.57000,789.0,91.83
52,CONFIRMED,4.726739475000,1.59000,1039.0,275.99
53,CONFIRMED,10.854097835000,3.03000,765.0,80.88
54,CONFIRMED,3.696119675000,2.11000,1095.0,340.33
55,CONFIRMED,77.611598700000,2.62000,397.0,5.87
56,CONFIRMED,6.098536720000,0.82000,927.0,174.30
57,CONFIRMED,19.577628600000,0.99000,628.0,36.82
58,CONFIRMED,0.837491331000,1.45000,1968.0,3545.07
59,CONFIRMED,45.294317170000,2.28000,521.0,17.41
65,CONFIRMED,16.145690772000,2.52000,549.0,21.46
66,CONFIRMED,10.311737520000,1.40000,638.0,39.04
67,CONFIRMED,27.453729400000,0.79000,460.0,10.58
68,CONFIRMED,7.071360760000,0.58000,723.0,64.54
69,CONFIRMED,5.286954370000,0.49000,797.0,95.21
70,CONFIRMED,9.286968825000,2.13000,764.0,80.48
71,CONFIRMED,5.859938722000,2.55000,1236.0,552.06
72,CONFIRMED,2.154909039000,1.50000,1726.0,2097.40
73,CONFIRMED,8.131224840000,1.76000,1109.0,357.04
74,CONFIRMED,289.864456000000,2.17000,267.0,1.21
80,CONFIRMED,22.342969585000,9.77000,767.0,81.73
81,CONFIRMED,10.423677765000,3.66000,989.0,225.89
82,CONFIRMED,54.319986050000,5.79000,570.0,25.01
83,CONFIRMED,3.743175556000,1.55000,1391.0,885.02
84,CONFIRMED,4.885488953000,17.29000,1499.0,1194.10
85,CONFIRMED,6.790121599000,12.21000,1445.0,1029.51
92,CONFIRMED,2.508057352000,2.49000,828.0,111.07
96,CONFIRMED,15.965336870000,3.14000,864.0,131.47
97,CONFIRMED,179.607660200000,5.42000,385.0,5.22
100,CONFIRMED,11.427545631000,3.08000,972.0,211.16
101,CONFIRMED,23.668364270000,3.06000,763.0,80.07
102,CONFIRMED,51.755295760000,3.41000,588.0,28.21
108,CONFIRMED,5.412207130000,3.28000,1306.0,686.92
109,CONFIRMED,7.125945910000,1.88000,1191.0,476.01
111,CONFIRMED,13.570766220000,2.35000,796.0,94.89
112,CONFIRMED,43.844443530000,2.58000,538.0,19.88
113,CONFIRMED,6.164916960000,0.85000,1035.0,271.63
114,CONFIRMED,23.980234800000,0.99000,658.0,44.45
115,CONFIRMED,14.749135180000,3.07000,875.0,138.71
116,CONFIRMED,4.901438070000,1.84000,1263.0,601.94
117,CONFIRMED,3.180024635000,1.55000,1460.0,1073.75
118,CONFIRMED,7.958302160000,1.07000,1075.0,315.94
120,CONFIRMED,49.183949220000,8.97000,706.0,58.63
121,CONFIRMED,190.321656400000,8.15000,449.0,9.65
124,CONFIRMED,11.523069953000,3.13000,934.0,179.56
125,CONFIRMED,6.481628092000,2.29000,1150.0,412.93
126,CONFIRMED,21.222585250000,2.50000,774.0,84.98
127,CONFIRMED,12.691052090000,2.96000,1067.0,306.75
128,CONFIRMED,31.719824980000,3.54000,786.0,90.37
132,CONFIRMED,3.578780551000,10.43000,1144.0,405.36
133,CONFIRMED,4.942783399000,10.77000,1008.0,244.42
141,CONFIRMED,3.024092548000,12.10000,1475.0,1120.06
143,CONFIRMED,7.641571533000,4.98000,899.0,154.25
144,CONFIRMED,14.858912687000,5.96000,720.0,63.52
145,CONFIRMED,3.504687554000,2.11000,1165.0,435.21
147,CONFIRMED,224.778209300000,7.52000,323.0,2.56
148,CONFIRMED,3.341802938000,1.75000,1311.0,698.74
151,CONFIRMED,10.916108342000,3.93000,758.0,78.19
158,CONFIRMED,4.778004028000,1.89000,922.0,170.81
159,CONFIRMED,9.673953474000,2.61000,729.0,66.60
160,CONFIRMED,42.896055050000,2.02000,443.0,9.14
162,CONFIRMED,8.408876951000,2.72000,914.0,164.66
163,CONFIRMED,28.574264900000,2.80000,608.0,32.23
165,CONFIRMED,52.090816020000,5.70000,542.0,20.34
166,CONFIRMED,27.402320890000,2.96000,671.0,47.91
167,CONFIRMED,13.484586650000,2.73000,850.0,123.31
168,CONFIRMED,81.063494200000,2.23000,467.0,11.28
169,CONFIRMED,8.925076369000,2.54000,624.0,35.82
170,CONFIRMED,4.754001150000,1.90000,770.0,82.90
173,CONFIRMED,8.041331208000,1.28000,507.0,15.64
174,CONFIRMED,5.188561757000,1.00000,587.0,28.04
175,CONFIRMED,11.776138457000,2.05000,447.0,9.42
176,CONFIRMED,13.024928190000,2.94000,786.0,90.10
177,CONFIRMED,22.687141050000,3.26000,653.0,42.95
178,CONFIRMED,31.995506240000,3.89000,582.0,27.17
179,CONFIRMED,46.685802400000,2.74000,513.0,16.41
180,CONFIRMED,118.378379000000,3.46000,376.0,4.75
181,CONFIRMED,10.304004970000,1.85000,849.0,122.98
183,CONFIRMED,8.990888710000,2.31000,939.0,183.99
184,CONFIRMED,2.403643296000,0.99000,1459.0,1071.38
193,CONFIRMED,10.742427660000,3.15000,1023.0,259.20
194,CONFIRMED,15.274382290000,2.28000,910.0,162.22
195,CONFIRMED,7.106943850000,1.93000,1174.0,449.39
198,CONFIRMED,5.968717469000,2.78000,1184.0,465.23
199,CONFIRMED,13.071489000000,1.85000,912.0,163.73
200,CONFIRMED,13.722371040000,2.28000,746.0,73.16
201,CONFIRMED,242.467120000000,1.74000,286.0,1.59
213,CONFIRMED,2.684328485000,12.43000,1291.0,655.98
218,CONFIRMED,3.797018335000,9.94000,972.0,211.29
225,CONFIRMED,10.290993755000,9.83000,884.0,144.34
228,CONFIRMED,3.217518593000,11.68000,1200.0,489.84
229,CONFIRMED,1.855557540000,10.24000,1436.0,1004.89
234,CONFIRMED,7.340714746000,14.41000,1155.0,421.03
236,CONFIRMED,1.720861324000,12.53000,1681.0,1887.96
237,CONFIRMED,1.485710952000,14.80000,1561.0,1404.81
238,CONFIRMED,3.246732651000,12.71000,1460.0,1072.70
240,CONFIRMED,5.334083460000,7.93000,1149.0,412.27
242,CONFIRMED,50.790346190000,9.16000,580.0,26.80
243,CONFIRMED,18.795900480000,6.04000,808.0,100.91
248,CONFIRMED,3.311864499000,9.13000,1158.0,424.48
250,CONFIRMED,20.172023866000,7.19000,619.0,34.80
251,CONFIRMED,7.518494790000,1.67000,861.0,129.65
252,CONFIRMED,3.905081985000,13.14000,1046.0,282.59
255,CONFIRMED,2.422084448000,3.60000,1214.0,513.44
256,CONFIRMED,4.125120930000,0.90000,1017.0,252.62
259,CONFIRMED,6.312503728000,2.06000,576.0,26.01
260,CONFIRMED,12.794550620000,1.64000,455.0,10.15
261,CONFIRMED,3.177414418000,2.47000,1008.0,244.18
262,CONFIRMED,41.008118300000,2.69000,430.0,8.08
270,CONFIRMED,12.465995556000,4.66000,804.0,98.96
271,CONFIRMED,5.766166580000,1.84000,1040.0,276.44
272,CONFIRMED,21.587887500000,1.52000,670.0,47.58
273,CONFIRMED,37.996398100000,1.93000,555.0,22.39
274,CONFIRMED,56.258788500000,1.81000,487.0,13.27
280,CONFIRMED,17.232316860000,2.51000,774.0,85.06
281,CONFIRMED,26.695165900000,1.31000,669.0,47.48
286,CONFIRMED,13.821393060000,2.20000,584.0,27.50
287,CONFIRMED,30.950760800000,1.26000,446.0,9.38
288,CONFIRMED,3.410454240000,0.80000,931.0,177.77
291,CONFIRMED,12.720374354000,4.51000,941.0,185.61
292,CONFIRMED,6.238534771000,2.64000,1193.0,479.56
293,CONFIRMED,39.792237920000,1.88000,456.0,10.21
294,CONFIRMED,21.301991090000,0.71000,562.0,23.50
295,CONFIRMED,13.366930900000,0.27000,656.0,43.71
296,CONFIRMED,51.206903030000,,,
297,CONFIRMED,5.398753927000,2.29000,1146.0,407.74
298,CONFIRMED,9.605038670000,0.92000,946.0,189.30
300,CONFIRMED,7.203850636000,2.23000,493.0,13.94
301,CONFIRMED,10.912748070000,2.63000,429.0,8.03
302,CONFIRMED,2.576569689000,1.54000,694.0,54.85
303,CONFIRMED,18.596043100000,1.30000,359.0,3.94
305,CONFIRMED,12.282999719000,2.89000,427.0,7.87
306,CONFIRMED,17.251200110000,2.82000,381.0,5.00
307,CONFIRMED,3.543917895000,1.23000,646.0,41.25
308,CONFIRMED,46.827714000000,2.11000,273.0,1.32
309,CONFIRMED,4.164383815000,2.71000,596.0,29.90
310,CONFIRMED,5.774422090000,0.85000,535.0,19.38
314,CONFIRMED,2.455240620000,11.03000,730.0,67.18
321,CONFIRMED,10.495677520000,1.54000,1017.0,253.10
322,CONFIRMED,100.282869300000,2.47000,479.0,12.48
323,CONFIRMED,21.869676170000,1.56000,796.0,95.05
324,CONFIRMED,16.238467767000,2.27000,682.0,51.06
325,CONFIRMED,7.812858400000,1.54000,1198.0,487.11
326,CONFIRMED,9.376643250000,1.82000,1127.0,381.61
335,CONFIRMED,12.582279900000,1.57000,923.0,171.32
336,CONFIRMED,33.672769620000,1.89000,665.0,46.12
337,CONFIRMED,48.630389760000,2.54000,593.0,29.33
338,CONFIRMED,29.393269820000,2.42000,702.0,57.38
339,CONFIRMED,14.435943970000,1.46000,890.0,148.23
342,CONFIRMED,15.089601740000,1.43000,971.0,209.90
343,CONFIRMED,22.802980800000,1.42000,846.0,120.93
344,CONFIRMED,15.791937250000,2.30000,903.0,156.86
345,CONFIRMED,82.200010500000,2.40000,521.0,17.39
347,CONFIRMED,16.231920040000,3.94000,928.0,175.21
348,CONFIRMED,13.849842830000,1.48000,978.0,216.54
349,CONFIRMED,28.454920880000,5.93000,767.0,81.96
350,CONFIRMED,15.413085810000,2.49000,941.0,185.51
351,CONFIRMED,7.514470400000,0.89000,1196.0,483.57
354,CONFIRMED,27.508675190000,2.85000,660.0,44.75
355,CONFIRMED,8.457467070000,1.03000,977.0,215.58
356,CONFIRMED,87.517436100000,1.37000,448.0,9.56
357,CONFIRMED,16.091971760000,1.98000,700.0,56.65
358,CONFIRMED,25.517064600000,0.77000,600.0,30.65
360,CONFIRMED,18.010175540000,1.41000,738.0,70.21
361,CONFIRMED,6.414905150000,1.24000,1042.0,278.29
362,CONFIRMED,6.178282550000,1.04000,1055.0,292.35
364,CONFIRMED,13.748826300000,3.58000,978.0,216.31
365,CONFIRMED,26.723205990000,2.37000,784.0,89.14
366,CONFIRMED,49.356884900000,1.99000,639.0,39.31
373,CONFIRMED,31.517802020000,2.94000,683.0,51.39
374,CONFIRMED,8.130004570000,1.87000,1073.0,312.97
375,CONFIRMED,2.586638081000,1.60000,1331.0,742.57
378,CONFIRMED,5.317435416000,2.58000,1306.0,687.55
379,CONFIRMED,10.105753030000,1.63000,1054.0,292.12
384,CONFIRMED,1.541676628000,1.82000,1437.0,1007.55
386,CONFIRMED,6.002535939000,1.72000,1183.0,462.88
387,CONFIRMED,11.448594600000,1.07000,954.0,196.08
393,CONFIRMED,4.603578042000,1.88000,822.0,107.66
400,CONFIRMED,11.578911400000,1.97000,912.0,163.29
401,CONFIRMED,16.399256100000,1.80000,812.0,102.70
402,CONFIRMED,18.735755790000,2.15000,580.0,26.70
403,CONFIRMED,8.436393640000,1.66000,756.0,77.27
404,CONFIRMED,13.781093440000,1.33000,398.0,5.95
405,CONFIRMED,23.089018390000,1.52000,335.0,2.99
406,CONFIRMED,10.313206430000,0.58000,439.0,8.75
408,CONFIRMED,15.771115830000,2.73000,768.0,82.18
409,CONFIRMED,157.065480200000,2.81000,357.0,3.84
415,CONFIRMED,2.426300839000,1.32000,1306.0,688.67
416,CONFIRMED,4.623335570000,0.76000,1053.0,290.80
423,CONFIRMED,3.254274054000,1.35000,1323.0,723.71
424,CONFIRMED,91.351586700000,1.54000,435.0,8.47
438,CONFIRMED,7.010627450000,38.60000,3021.0,19697.21
439,CONFIRMED,3.107638730000,16.16000,3961.0,58192.75
444,CONFIRMED,7.170732075000,3.00000,895.0,151.65
445,CONFIRMED,4.699653236000,2.19000,1030.0,266.30
446,CONFIRMED,4.761705259000,2.78000,1210.0,506.01
447,CONFIRMED,2.024145594000,1.98000,1610.0,1587.50
448,CONFIRMED,41.808766800000,1.43000,587.0,27.98
456,CONFIRMED,331.601108100000,10.01000,293.0,1.75
457,CONFIRMED,210.603110500000,6.86000,341.0,3.20
458,CONFIRMED,59.737034800000,2.55000,519.0,17.18
459,CONFIRMED,91.940460300000,2.32000,450.0,9.67
460,CONFIRMED,8.719828530000,1.29000,986.0,223.35
461,CONFIRMED,7.008280760000,1.15000,1061.0,299.49
463,CONFIRMED,27.082470840000,2.36000,644.0,40.58
464,CONFIRMED,16.007497540000,1.82000,767.0,81.79
484,CONFIRMED,5.885281690000,1.10000,1106.0,353.44
485,CONFIRMED,10.104635050000,1.10000,923.0,171.87
486,CONFIRMED,42.882324150000,3.83000,719.0,63.25
487,CONFIRMED,22.950688960000,2.20000,886.0,145.50
496,CONFIRMED,19.270824031000,7.96000,661.0,45.05
497,CONFIRMED,38.907875170000,7.98000,523.0,17.66
498,CONFIRMED,1.592959750000,1.48000,1517.0,1251.43
508,CONFIRMED,31.158797490000,3.23000,640.0,39.77
509,CONFIRMED,76.732516800000,2.91000,474.0,11.96
515,CONFIRMED,33.416003400000,2.63000,650.0,42.11
516,CONFIRMED,12.610970800000,1.29000,899.0,154.60
523,CONFIRMED,4.180049552000,3.55000,962.0,202.06
524,CONFIRMED,1.729366467000,1.87000,1291.0,655.74
527,CONFIRMED,29.198983800000,3.77000,531.0,18.75
528,CONFIRMED,160.020059700000,3.54000,301.0,1.94
529,CONFIRMED,55.328581300000,1.66000,429.0,7.99
536,CONFIRMED,7.381977254000,3.70000,922.0,170.48
537,CONFIRMED,12.560927960000,2.88000,772.0,83.88
538,CONFIRMED,30.826471300000,2.95000,572.0,25.32
539,CONFIRMED,3.428041680000,1.34000,1189.0,473.14
544,CONFIRMED,15.228956980000,2.98000,643.0,40.31
545,CONFIRMED,24.674642110000,2.09000,547.0,21.16
549,CONFIRMED,18.207956930000,3.09000,567.0,24.37
550,CONFIRMED,88.255354400000,2.56000,335.0,2.97
559,CONFIRMED,21.087194220000,14.77000,873.0,137.06
567,CONFIRMED,6.873165232000,13.80000,1482.0,1140.56
571,CONFIRMED,18.870215660000,2.87000,621.0,35.13
572,CONFIRMED,46.902511200000,2.50000,458.0,10.44
579,CONFIRMED,33.040563500000,1.97000,540.0,20.10
581,CONFIRMED,62.302787300000,2.73000,437.0,8.63
585,CONFIRMED,5.931192939000,1.95000,562.0,23.52
586,CONFIRMED,52.661583600000,1.76000,271.0,1.28
589,CONFIRMED,15.906864370000,2.51000,579.0,26.55
590,CONFIRMED,4.973451411000,2.51000,853.0,124.98
592,CONFIRMED,13.540568740000,2.33000,762.0,79.88
593,CONFIRMED,1.732345491000,1.27000,1512.0,1235.77
598,CONFIRMED,16.709206920000,2.53000,500.0,14.73
599,CONFIRMED,28.551568680000,1.90000,418.0,7.21
601,CONFIRMED,10.139618410000,1.87000,447.0,9.45
602,CONFIRMED,43.586426090000,2.64000,275.0,1.35
610,CONFIRMED,13.699417220000,3.11000,733.0,68.25
611,CONFIRMED,4.309201080000,1.78000,1078.0,319.22
612,CONFIRMED,4.921354681000,2.07000,838.0,116.67
613,CONFIRMED,7.064256441000,1.96000,743.0,72.02
615,CONFIRMED,19.446386980000,3.28000,681.0,50.73
616,CONFIRMED,6.919867340000,1.28000,961.0,201.41
630,CONFIRMED,21.347361200000,2.23000,623.0,35.56
631,CONFIRMED,7.811046730000,1.05000,870.0,135.66
634,CONFIRMED,10.945772220000,2.69000,950.0,192.59
635,CONFIRMED,28.986832600000,2.46000,687.0,52.56
637,CONFIRMED,5.035065430000,1.45000,1231.0,543.33
638,CONFIRMED,8.180869530000,2.46000,746.0,73.21
639,CONFIRMED,15.312976590000,2.24000,605.0,31.71
645,CONFIRMED,7.650241916000,2.39000,780.0,87.56
647,CONFIRMED,34.259513720000,2.49000,473.0,11.87
657,CONFIRMED,4.393156523000,1.71000,899.0,154.44
659,CONFIRMED,7.406107750000,1.76000,755.0,76.91
668,CONFIRMED,13.193209200000,2.79000,870.0,135.20
669,CONFIRMED,4.425346210000,1.54000,1252.0,580.32
672,CONFIRMED,7.053514449000,2.21000,547.0,21.23
673,CONFIRMED,9.521650159000,2.27000,495.0,14.22
674,CONFIRMED,3.072149196000,1.34000,722.0,64.33
675,CONFIRMED,4.645397088000,1.37000,629.0,37.09
681,CONFIRMED,13.767085390000,2.75000,678.0,49.82
682,CONFIRMED,6.195436930000,1.47000,884.0,144.20
683,CONFIRMED,3.250580530000,1.30000,1096.0,341.13
684,CONFIRMED,8.348188170000,1.91000,800.0,97.06
685,CONFIRMED,87.090599400000,3.12000,366.0,4.26
688,CONFIRMED,7.930587745000,2.94000,878.0,140.16
689,CONFIRMED,16.665911620000,2.72000,685.0,52.11
690,CONFIRMED,4.166962173000,2.44000,1024.0,259.58
691,CONFIRMED,11.463473600000,2.64000,731.0,67.48
692,CONFIRMED,39.602755100000,1.84000,483.0,12.91
693,CONFIRMED,2.940304111000,2.21000,1253.0,582.69
694,CONFIRMED,6.389017550000,2.35000,968.0,207.42
695,CONFIRMED,14.626989520000,2.21000,735.0,68.81
696,CONFIRMED,35.118522600000,2.41000,549.0,21.40
697,CONFIRMED,8.005783665000,2.41000,956.0,197.06
698,CONFIRMED,4.263748470000,1.28000,1179.0,457.15
705,CONFIRMED,13.981772280000,1.88000,507.0,15.58
706,CONFIRMED,44.000428700000,1.46000,346.0,3.38
707,CONFIRMED,247.354265000000,2.10000,194.0,0.34
708,CONFIRMED,11.903508580000,2.72000,827.0,110.54
709,CONFIRMED,34.035055900000,3.22000,583.0,27.24
710,CONFIRMED,12.759348340000,2.64000,682.0,51.05
711,CONFIRMED,5.433121690000,1.41000,906.0,159.51
712,CONFIRMED,25.752600280000,2.90000,539.0,20.00
717,CONFIRMED,49.411175820000,7.48000,545.0,20.87
718,CONFIRMED,36.856800800000,3.62000,601.0,30.83
723,CONFIRMED,9.576664980000,2.83000,881.0,142.50
724,CONFIRMED,96.678192600000,3.43000,408.0,6.54
725,CONFIRMED,20.552807930000,2.94000,683.0,51.50
732,CONFIRMED,6.400147394000,2.26000,807.0,100.33
733,CONFIRMED,2.735903375000,1.58000,1072.0,312.39
741,CONFIRMED,41.885483400000,2.69000,540.0,20.05
742,CONFIRMED,13.817318170000,1.51000,781.0,88.04
743,CONFIRMED,4.302143627000,2.08000,927.0,174.86
744,CONFIRMED,3.137848829000,1.33000,1031.0,266.89
747,CONFIRMED,20.684223110000,3.69000,742.0,71.48
748,CONFIRMED,9.825784350000,2.73000,950.0,192.75
755,CONFIRMED,11.637017340000,2.39000,791.0,92.50
756,CONFIRMED,5.687983100000,2.19000,1004.0,239.99
776,CONFIRMED,10.687574790000,2.42000,785.0,89.99
777,CONFIRMED,20.303024570000,2.04000,634.0,38.26
778,CONFIRMED,29.022352610000,2.53000,563.0,23.76
781,CONFIRMED,20.729133580000,1.88000,550.0,21.60
782,CONFIRMED,1.632918853000,1.16000,1282.0,638.67
784,CONFIRMED,7.267301170000,1.23000,469.0,11.46
785,CONFIRMED,13.343007890000,1.53000,383.0,5.10
786,CONFIRMED,3.886789356000,1.05000,578.0,26.38
787,CONFIRMED,22.407774440000,1.26000,322.0,2.55
788,CONFIRMED,129.945770000000,1.06000,179.0,0.25
789,CONFIRMED,10.640222720000,2.58000,910.0,161.98
790,CONFIRMED,4.938865070000,1.26000,1175.0,451.27
791,CONFIRMED,5.996534997000,3.08000,1094.0,338.58
792,CONFIRMED,2.061907358000,1.66000,1562.0,1406.24
793,CONFIRMED,20.134889680000,2.81000,543.0,20.57
794,CONFIRMED,10.399901940000,1.33000,677.0,49.66
800,CONFIRMED,2.020001021000,1.43000,1186.0,467.85
801,CONFIRMED,3.763042361000,1.46000,964.0,204.26
806,CONFIRMED,17.738520540000,2.11000,578.0,26.36
807,CONFIRMED,9.939678570000,1.34000,701.0,57.10
809,CONFIRMED,9.926725140000,2.20000,747.0,73.61
810,CONFIRMED,21.223472960000,2.27000,580.0,26.74
817,CONFIRMED,11.388399710000,2.44000,917.0,167.32
818,CONFIRMED,50.698444800000,2.85000,558.0,22.86
828,CONFIRMED,17.307976250000,2.60000,748.0,74.01
829,CONFIRMED,2.092269993000,1.48000,1514.0,1241.10
830,CONFIRMED,52.814728400000,2.41000,516.0,16.73
831,CONFIRMED,8.307844980000,2.22000,753.0,76.08
832,CONFIRMED,34.096229500000,1.76000,470.0,11.58
850,CONFIRMED,20.739917980000,3.68000,756.0,77.37
851,CONFIRMED,47.427660000000,4.28000,574.0,25.69
854,CONFIRMED,12.874711418000,8.00000,768.0,82.36
860,CONFIRMED,45.155300740000,7.88000,523.0,17.68
861,CONFIRMED,130.177466030000,10.74000,367.0,4.31
862,CONFIRMED,85.316577600000,6.10000,423.0,7.57
865,CONFIRMED,10.349713850000,1.26000,932.0,178.12
866,CONFIRMED,15.677561120000,1.15000,811.0,102.33
867,CONFIRMED,5.599319730000,1.07000,1143.0,403.88
868,CONFIRMED,25.209984500000,0.89000,693.0,54.37
869,CONFIRMED,17.790024190000,2.62000,646.0,41.12
870,CONFIRMED,49.567535900000,2.44000,459.0,10.49
887,CONFIRMED,23.642190920000,3.87000,702.0,57.39
888,CONFIRMED,67.093299700000,4.06000,496.0,14.28
908,CONFIRMED,8.594792020000,2.92000,1046.0,283.03
909,CONFIRMED,10.222142140000,1.99000,987.0,224.58
910,CONFIRMED,25.672128480000,2.73000,718.0,62.91
911,CONFIRMED,151.886194300000,2.31000,397.0,5.88
913,CONFIRMED,4.069428401000,1.91000,843.0,119.56
914,CONFIRMED,16.282483530000,2.04000,531.0,18.81
915,CONFIRMED,3.162691238000,2.29000,1234.0,547.43
916,CONFIRMED,5.370645868000,2.14000,1034.0,270.66
917,CONFIRMED,11.329750180000,1.27000,806.0,100.01
920,CONFIRMED,14.400944710000,2.23000,806.0,99.58
921,CONFIRMED,25.661658000000,1.36000,665.0,46.10
923,CONFIRMED,2.755637103000,1.17000,669.0,47.27
924,CONFIRMED,20.306556620000,1.29000,343.0,3.29
925,CONFIRMED,13.137457190000,1.57000,795.0,94.33
926,CONFIRMED,7.782009160000,1.11000,946.0,189.40
927,CONFIRMED,23.443235300000,0.95000,655.0,43.57
928,CONFIRMED,5.868068017000,2.31000,1112.0,361.97
929,CONFIRMED,1.611887177000,1.09000,1712.0,2028.48
930,CONFIRMED,3.071545396000,1.06000,1380.0,857.34
936,CONFIRMED,4.228649880000,1.68000,1371.0,834.72
937,CONFIRMED,7.466621970000,1.49000,1134.0,390.31
938,CONFIRMED,16.259457340000,1.52000,875.0,138.51
939,CONFIRMED,11.131751900000,1.29000,992.0,229.32
940,CONFIRMED,16.087864780000,2.60000,719.0,63.13
941,CONFIRMED,41.749498270000,3.40000,523.0,17.70
946,CONFIRMED,7.972513469000,3.23000,497.0,14.40
947,CONFIRMED,2.453235899000,2.23000,736.0,69.20
949,CONFIRMED,6.040452940000,2.53000,1147.0,409.76
950,CONFIRMED,4.138536769000,2.49000,1301.0,677.66
951,CONFIRMED,31.804740450000,2.06000,615.0,33.82
952,CONFIRMED,16.258358600000,0.87000,769.0,82.68
953,CONFIRMED,8.600153301000,7.47000,1016.0,252.15
966,CONFIRMED,2.462342175000,1.21000,1290.0,654.26
967,CONFIRMED,4.822977350000,1.68000,1030.0,266.31
968,CONFIRMED,28.779581300000,1.83000,641.0,39.85
969,CONFIRMED,15.660576590000,1.92000,785.0,89.76
976,CONFIRMED,30.864378690000,2.45000,600.0,30.56
977,CONFIRMED,9.360639710000,1.76000,892.0,149.82
978,CONFIRMED,14.667192700000,1.53000,768.0,82.39
979,CONFIRMED,68.161359800000,1.75000,460.0,10.63
980,CONFIRMED,18.164078760000,1.96000,501.0,14.91
981,CONFIRMED,5.714890717000,1.33000,737.0,69.81
982,CONFIRMED,122.386381200000,1.73000,265.0,1.17
983,CONFIRMED,267.283301000000,1.42000,205.0,0.41
984,CONFIRMED,12.441687100000,0.59000,569.0,24.73
990,CONFIRMED,21.775687510000,4.77000,853.0,125.14
991,CONFIRMED,41.028063700000,4.14000,691.0,53.80
992,CONFIRMED,31.784767850000,3.66000,752.0,75.59
993,CONFIRMED,13.175566720000,2.68000,1009.0,244.58
994,CONFIRMED,5.668154360000,1.54000,1336.0,752.70
995,CONFIRMED,17.406659380000,2.50000,764.0,80.56
996,CONFIRMED,7.693640420000,1.91000,1003.0,239.66
998,CONFIRMED,5.374934910000,1.81000,1377.0,849.39
999,CONFIRMED,8.585982020000,1.48000,1178.0,454.63
1001,CONFIRMED,44.699504000000,2.97000,502.0,15.05
1002,CONFIRMED,3.619312195000,1.72000,1161.0,429.26
1011,CONFIRMED,4.585466823000,2.64000,1235.0,550.50
1012,CONFIRMED,22.714445820000,3.21000,725.0,65.24
1013,CONFIRMED,47.903521100000,2.56000,565.0,24.12
1014,CONFIRMED,9.034195469000,1.63000,622.0,35.28
1015,CONFIRMED,28.122465500000,1.03000,426.0,7.76
1016,CONFIRMED,45.902756600000,1.32000,362.0,4.04
1017,CONFIRMED,4.159817122000,0.83000,805.0,99.31
1018,CONFIRMED,5.690584519000,2.75000,854.0,125.55
1019,CONFIRMED,10.041568521000,2.52000,706.0,58.77
1020,CONFIRMED,18.369723100000,2.43000,577.0,26.27
1021,CONFIRMED,2.795894073000,1.49000,1082.0,323.94
1024,CONFIRMED,3.936993706000,3.19000,1004.0,240.16
1025,CONFIRMED,28.081943650000,3.75000,522.0,17.52
1026,CONFIRMED,10.088796973000,4.81000,734.0,68.62
1033,CONFIRMED,14.787694460000,3.77000,762.0,79.90
1034,CONFIRMED,9.848202400000,2.79000,873.0,137.26
1035,CONFIRMED,19.724089100000,31.46000,692.0,54.35
1036,CONFIRMED,7.384414030000,1.80000,961.0,201.63
1041,CONFIRMED,5.924991308000,3.33000,791.0,92.75
1042,CONFIRMED,11.349337330000,2.56000,637.0,38.97
1043,CONFIRMED,3.132951625000,1.50000,979.0,217.12
1044,CONFIRMED,18.643516000000,2.00000,540.0,20.09
1048,CONFIRMED,18.794195350000,1.81000,330.0,2.79
1049,CONFIRMED,6.738939950000,1.36000,464.0,10.96
1052,CONFIRMED,10.339292400000,2783.70000,776.0,85.83
1053,CONFIRMED,13.286890740000,1226.40000,714.0,61.37
1065,CONFIRMED,5.349556710000,2.70000,918.0,167.93
1066,CONFIRMED,3.941046320000,1.59000,1017.0,252.42
1067,CONFIRMED,8.109046710000,1.19000,799.0,96.38
1073,CONFIRMED,9.488031460000,3.10000,881.0,142.17
1074,CONFIRMED,54.418464000000,3.10000,492.0,13.86
1078,CONFIRMED,11.094319230000,4.02000,835.0,114.81
1079,CONFIRMED,4.134430050000,3.02000,1160.0,427.65
1080,CONFIRMED,2.566590920000,1.56000,1360.0,807.74
1081,CONFIRMED,16.068629590000,5.27000,571.0,25.07
1082,CONFIRMED,41.197087400000,3.62000,417.0,7.14
1083,CONFIRMED,6.252964898000,2.41000,782.0,88.22
1085,CONFIRMED,32.628829750000,3791.05000,506.0,15.48
1086,CONFIRMED,91.772210000000,2.13000,358.0,3.90
1102,CONFIRMED,16.384856460000,1.81000,392.0,5.56
1103,CONFIRMED,7.877407090000,2.33000,500.0,14.76
1104,CONFIRMED,36.445198200000,1.80000,300.0,1.91
1114,CONFIRMED,19.271546800000,1.73000,343.0,3.28
1115,CONFIRMED,10.065258430000,1.61000,426.0,7.81
1118,CONFIRMED,4.431242593000,3.07000,1074.0,314.29
1119,CONFIRMED,11.379380710000,3.74000,784.0,89.22
1122,CONFIRMED,8.472378440000,2.71000,752.0,75.44
1123,CONFIRMED,60.418613700000,2.72000,390.0,5.49
1133,CONFIRMED,2.711502579000,3.62000,1405.0,920.54
1134,CONFIRMED,7.212041520000,3.51000,1015.0,250.42
1140,CONFIRMED,143.206351800000,9.36000,308.0,2.14
1141,CONFIRMED,60.324886110000,12.88000,411.0,6.77
1142,CONFIRMED,29.159861500000,1.91000,524.0,17.85
1150,CONFIRMED,3.340219950000,2.18000,635.0,38.42
1151,CONFIRMED,20.060374540000,1.99000,350.0,3.53
1152,CONFIRMED,46.184150000000,1.94000,265.0,1.16
1153,CONFIRMED,7.825012060000,1.22000,478.0,12.36
1158,CONFIRMED,23.967993200000,1.85000,325.0,2.62
1159,CONFIRMED,8.295594310000,1.53000,462.0,10.80
1167,CONFIRMED,8.103613630000,2.27000,688.0,52.82
1168,CONFIRMED,4.715103650000,1.50000,824.0,108.84
1172,CONFIRMED,18.649296780000,2.90000,700.0,56.90
1173,CONFIRMED,9.751931820000,2.44000,869.0,135.05
1174,CONFIRMED,38.557591400000,3.57000,550.0,21.60
1175,CONFIRMED,3.525632561000,11.87000,955.0,196.91
1179,CONFIRMED,23.653686210000,5.71000,625.0,36.16
1180,CONFIRMED,13.233560080000,2.15000,759.0,78.47
1181,CONFIRMED,6.155557560000,1.88000,980.0,217.72
1182,CONFIRMED,2.090815650000,1.05000,1404.0,919.65
1183,CONFIRMED,50.447315600000,2.15000,486.0,13.17
1184,CONFIRMED,11.763059460000,2.36000,614.0,33.63
1185,CONFIRMED,56.227969700000,2.19000,365.0,4.18
1187,CONFIRMED,7.953557170000,2.30000,712.0,60.67
1188,CONFIRMED,4.144517760000,1.54000,884.0,144.68
1192,CONFIRMED,15.335259120000,4.94000,630.0,37.16
1193,CONFIRMED,31.330506220000,7.24000,496.0,14.33
1197,CONFIRMED,12.718103170000,2.35000,562.0,23.60
1198,CONFIRMED,36.065879160000,2.71000,397.0,5.88
1209,CONFIRMED,8.203968700000,3.04000,742.0,71.50
1210,CONFIRMED,14.496435310000,2.82000,613.0,33.48
1214,CONFIRMED,5.715424850000,2.48000,842.0,118.57
1215,CONFIRMED,20.026231000000,1.73000,554.0,22.24
1222,CONFIRMED,4.311779906000,2.87000,986.0,223.51
1223,CONFIRMED,20.050401570000,2.78000,591.0,28.78
1224,CONFIRMED,9.767343650000,2.00000,751.0,75.17
1229,CONFIRMED,7.490172290000,2.98000,821.0,107.48
1230,CONFIRMED,36.275946570000,3.50000,485.0,13.12
1231,CONFIRMED,17.460852630000,2.53000,619.0,34.79
1233,CONFIRMED,5.912268297000,1.92000,585.0,27.72
1234,CONFIRMED,8.985847680000,1.94000,509.0,15.86
1236,CONFIRMED,33.601220660000,8.83000,495.0,14.22
1237,CONFIRMED,6.766520780000,2.17000,845.0,120.48
1239,CONFIRMED,4.601816855000,2.37000,906.0,159.41
1240,CONFIRMED,11.187140420000,1.56000,674.0,48.78
1243,CONFIRMED,5.954897293000,1.98000,541.0,20.31
1244,CONFIRMED,12.039914070000,1.87000,428.0,7.96
1245,CONFIRMED,20.837663550000,1.02000,357.0,3.83
1248,CONFIRMED,26.444354560000,4.70000,588.0,28.33
1249,CONFIRMED,51.539985420000,6.11000,471.0,11.63
1250,CONFIRMED,5.902246921000,2.55000,970.0,209.32
1251,CONFIRMED,2.382952186000,1.77000,1313.0,702.44
1256,CONFIRMED,9.439460801000,4.34000,690.0,53.44
1257,CONFIRMED,20.477357490000,5.00000,533.0,19.02
1258,CONFIRMED,3.336125104000,1.65000,975.0,213.75
1260,CONFIRMED,8.010814780000,2.33000,453.0,9.98
1261,CONFIRMED,12.071359490000,1.33000,395.0,5.78
1262,CONFIRMED,20.995899590000,1.38000,329.0,2.76
1265,CONFIRMED,8.884922680000,11.02000,770.0,83.21
1273,CONFIRMED,16.239467140000,4.22000,591.0,28.75
1274,CONFIRMED,6.308203234000,3.16000,810.0,101.52
1277,CONFIRMED,9.770451940000,2.37000,459.0,10.46
1278,CONFIRMED,5.169809946000,1.81000,567.0,24.43
1279,CONFIRMED,20.090200880000,2.06000,361.0,4.01
1280,CONFIRMED,7.113727360000,1.27000,435.0,8.43
1281,CONFIRMED,3.306548978000,1.09000,561.0,23.35
1282,CONFIRMED,15.368436060000,1.21000,336.0,3.02
1287,CONFIRMED,2.211122847000,1.64000,952.0,193.76
1288,CONFIRMED,27.953795900000,3.35000,409.0,6.58
1289,CONFIRMED,42.141266400000,27.87000,356.0,3.81
1290,CONFIRMED,4.617466930000,1.51000,744.0,72.56
1291,CONFIRMED,10.198518080000,1.60000,572.0,25.25
1293,CONFIRMED,7.156817730000,2.41000,773.0,84.60
1294,CONFIRMED,17.648309920000,2.23000,573.0,25.42
1295,CONFIRMED,4.148087320000,1.16000,928.0,175.04
1296,CONFIRMED,16.514128200000,3.59000,762.0,79.78
1297,CONFIRMED,30.132930300000,4.25000,624.0,35.78
1298,CONFIRMED,4.790917350000,1.80000,1151.0,414.79
1299,CONFIRMED,99.640965300000,3.89000,419.0,7.26
1305,CONFIRMED,10.848447920000,2.38000,500.0,14.78
1306,CONFIRMED,6.668348720000,1.20000,588.0,28.25
1316,CONFIRMED,10.281928770000,2.70000,687.0,52.79
1317,CONFIRMED,18.119893640000,3.17000,569.0,24.81
1318,CONFIRMED,3.784033930000,1.69000,959.0,199.71
1331,CONFIRMED,5.826659194000,3.68000,983.0,220.71
1332,CONFIRMED,12.412178690000,2.28000,764.0,80.58
1333,CONFIRMED,18.746539710000,2.60000,666.0,46.53
1334,CONFIRMED,20.860212670000,5.28000,781.0,87.82
1335,CONFIRMED,42.634161770000,4.99000,615.0,33.86
1336,CONFIRMED,87.647533400000,4.06000,484.0,12.96
1341,CONFIRMED,9.946036030000,3.01000,768.0,82.15
1343,CONFIRMED,5.714620040000,1.55000,923.0,171.73
1344,CONFIRMED,3.388011854000,1.79000,1209.0,504.25
1345,CONFIRMED,5.839089910000,1.65000,1008.0,244.16
1346,CONFIRMED,1.620467836000,1.37000,1545.0,1348.59
1347,CONFIRMED,10.681679160000,1.80000,825.0,109.30
1349,CONFIRMED,6.581478842000,4.77000,881.0,142.63
1350,CONFIRMED,2.382652169000,2.67000,1237.0,553.53
1351,CONFIRMED,24.664597110000,5.67000,568.0,24.53
1363,CONFIRMED,13.197214960000,4.12000,641.0,40.03
1364,CONFIRMED,33.652970100000,3.72000,470.0,11.50
1365,CONFIRMED,5.901282819000,2.09000,513.0,16.34
1366,CONFIRMED,8.752106450000,2.20000,449.0,9.65
1367,CONFIRMED,22.780769450000,2.29000,327.0,2.70
1368,CONFIRMED,2.896013787000,1.32000,650.0,42.16
1369,CONFIRMED,0.742958836000,1.88000,1024.0,259.42
1371,CONFIRMED,8.115292190000,2.68000,879.0,140.92
1372,CONFIRMED,36.924953100000,2.71000,530.0,18.70
1379,CONFIRMED,1.213770222000,0.87000,525.0,17.95
1380,CONFIRMED,0.453287337000,0.92000,733.0,68.12
1381,CONFIRMED,1.865114770000,0.69000,456.0,10.18
1396,CONFIRMED,2.785821693000,1.59000,1785.0,2399.40
1408,CONFIRMED,8.187410900000,2.09000,798.0,95.73
1409,CONFIRMED,76.051065100000,1.61000,379.0,4.90
1411,CONFIRMED,10.381234510000,2.23000,678.0,50.05
1412,CONFIRMED,24.570815690000,2.10000,509.0,15.86
1421,CONFIRMED,21.853679100000,1.74000,618.0,34.57
1422,CONFIRMED,13.060766880000,1.49000,734.0,68.66
1429,CONFIRMED,16.568059490000,2.81000,594.0,29.37
1430,CONFIRMED,47.333026200000,2.40000,418.0,7.24
1432,CONFIRMED,40.806849400000,4.86000,844.0,119.96
1433,CONFIRMED,140.103940000000,4.16000,559.0,23.16
1487,CONFIRMED,17.029021050000,2.41000,760.0,78.73
1488,CONFIRMED,6.846192990000,1.66000,1030.0,265.57
1489,CONFIRMED,67.831830900000,2.35000,479.0,12.46
1490,CONFIRMED,43.130808200000,2.20000,557.0,22.79
1513,CONFIRMED,6.618341910000,2.51000,990.0,226.65
1514,CONFIRMED,107.721574400000,3.83000,390.0,5.49
1523,CONFIRMED,3.353730333000,2.12000,619.0,34.69
1524,CONFIRMED,6.877449897000,2.02000,487.0,13.34
1525,CONFIRMED,28.464626220000,2.01000,303.0,2.01
1539,CONFIRMED,86.678551860000,9.88000,446.0,9.37
1554,CONFIRMED,12.333408850000,4.75000,864.0,131.96
1555,CONFIRMED,8.145118720000,3.11000,993.0,229.68
1556,CONFIRMED,18.998509230000,2.36000,748.0,74.15
1557,CONFIRMED,4.244376210000,1.61000,1234.0,547.80
1573,CONFIRMED,25.934067400000,2.35000,707.0,59.04
1574,CONFIRMED,83.446333500000,2.52000,479.0,12.43
1590,CONFIRMED,5.326702150000,2.45000,1007.0,242.97
1591,CONFIRMED,8.128108770000,1.62000,875.0,138.51
1615,CONFIRMED,11.476101300000,1.83000,1001.0,237.05
1616,CONFIRMED,25.263026800000,1.50000,769.0,82.82
1619,CONFIRMED,10.435478050000,1.32000,778.0,86.68
1620,CONFIRMED,7.410862670000,1.02000,872.0,136.61
1633,CONFIRMED,6.057305240000,1.67000,881.0,142.34
1634,CONFIRMED,10.937300710000,1.76000,723.0,64.70
1635,CONFIRMED,2.971364100000,1.33000,1117.0,367.82
1637,CONFIRMED,2.936526966000,1.55000,1167.0,437.70
1638,CONFIRMED,8.014947150000,1.65000,835.0,114.65
1672,CONFIRMED,8.707979040000,2.62000,593.0,29.30
1674,CONFIRMED,4.176345250000,1.61000,758.0,77.85
1677,CONFIRMED,11.634864000000,1.80000,842.0,118.95
1678,CONFIRMED,33.198105400000,1.95000,594.0,29.41
1680,CONFIRMED,16.088318290000,3.32000,881.0,142.11
1681,CONFIRMED,10.300655120000,2.25000,1021.0,257.24
1682,CONFIRMED,35.675696300000,3.08000,675.0,49.15
1688,CONFIRMED,31.884156900000,3.15000,605.0,31.63
1689,CONFIRMED,14.128461780000,2.64000,793.0,93.65
1690,CONFIRMED,48.647660100000,2.58000,525.0,18.00
1702,CONFIRMED,17.324172470000,2.96000,923.0,171.81
1703,CONFIRMED,33.006302500000,2.79000,745.0,72.72
1709,CONFIRMED,30.159863000000,4.23000,829.0,111.86
1710,CONFIRMED,51.075756000000,3.36000,696.0,55.42
1726,CONFIRMED,35.735571900000,3.57000,660.0,44.88
1727,CONFIRMED,12.309713600000,2.47000,941.0,185.73
1728,CONFIRMED,54.420540700000,3.20000,574.0,25.60
1733,CONFIRMED,2.139556503000,1.42000,1314.0,704.45
1734,CONFIRMED,4.807099588000,1.84000,1004.0,239.83
1735,CONFIRMED,21.405490100000,11.34000,1079.0,320.44
1736,CONFIRMED,10.500733400000,4.96000,1368.0,828.32
1753,CONFIRMED,86.647636760000,7.62000,366.0,4.24
1754,CONFIRMED,36.337302380000,5.39000,513.0,16.36
1755,CONFIRMED,14.646270640000,2.33000,694.0,54.95
1769,CONFIRMED,5.729328624000,2.91000,853.0,124.97
1770,CONFIRMED,11.609071170000,45.65000,674.0,48.72
1774,CONFIRMED,704.962626000000,4.53000,178.0,0.24
1779,CONFIRMED,24.805680310000,2.30000,624.0,35.94
1780,CONFIRMED,44.347099500000,2.59000,515.0,16.57
1781,CONFIRMED,9.220688900000,1.04000,868.0,134.48
1782,CONFIRMED,13.639525000000,1.22000,762.0,79.81
1803,CONFIRMED,11.008159260000,3.25000,653.0,43.04
1804,CONFIRMED,92.749023000000,38.67000,321.0,2.51
1805,CONFIRMED,52.501076800000,12.39000,816.0,104.60
1807,CONFIRMED,12.699029950000,2.44000,701.0,57.09
1808,CONFIRMED,37.514069300000,2.80000,489.0,13.46
1812,CONFIRMED,2.633857233000,1.40000,1125.0,378.84
1813,CONFIRMED,6.186662180000,1.11000,847.0,121.47
1814,CONFIRMED,1.796324389000,1.37000,1476.0,1122.23
1815,CONFIRMED,3.468082390000,1.47000,1186.0,467.00
1816,CONFIRMED,5.914287670000,1.48000,992.0,228.83
1817,CONFIRMED,29.221510100000,1.79000,582.0,27.18
1818,CONFIRMED,44.852107100000,3.50000,522.0,17.59
1819,CONFIRMED,20.342342370000,2.40000,680.0,50.51
1849,CONFIRMED,19.305771590000,3.03000,728.0,66.23
1850,CONFIRMED,6.097506070000,1.64000,1068.0,307.62
1851,CONFIRMED,56.638879100000,3.62000,508.0,15.77
1856,CONFIRMED,10.218660160000,3.10000,920.0,169.13
1857,CONFIRMED,15.573635510000,2.93000,799.0,96.38
1858,CONFIRMED,40.101427200000,3.31000,583.0,27.31
1880,CONFIRMED,125.865433890000,18.17000,487.0,13.31
1881,CONFIRMED,34.543846400000,3.41000,750.0,74.61
1892,CONFIRMED,36.770473100000,3.44000,438.0,8.71
1893,CONFIRMED,14.589324620000,2.18000,596.0,29.88
1895,CONFIRMED,59.877824000000,2.17000,272.0,1.30
1897,CONFIRMED,3.546534140000,2.17000,1212.0,510.26
1898,CONFIRMED,5.700711530000,1.93000,1034.0,270.62
1899,CONFIRMED,20.834294700000,2.94000,613.0,33.29
1900,CONFIRMED,7.055667100000,2.57000,879.0,140.85
1901,CONFIRMED,11.978822000000,2.86000,737.0,69.63
1902,CONFIRMED,3.715453910000,1.79000,1088.0,331.41
1903,CONFIRMED,2.580821490000,1.65000,1229.0,540.05
1905,CONFIRMED,19.254053060000,3.00000,657.0,44.17
1906,CONFIRMED,54.156107800000,3.81000,466.0,11.12
1937,CONFIRMED,6.626436260000,2.80000,957.0,198.02
1938,CONFIRMED,3.701204820000,1.79000,1162.0,431.21
1957,CONFIRMED,12.645045100000,1.45000,741.0,71.28
1958,CONFIRMED,21.526256900000,1.20000,620.0,35.03
1959,CONFIRMED,33.884893430000,,,
1968,CONFIRMED,5.841641240000,1.52000,440.0,8.86
1969,CONFIRMED,19.850283930000,1.65000,293.0,1.73
1970,CONFIRMED,10.864431870000,35.38000,358.0,3.87
1971,CONFIRMED,63.336660600000,1.23000,199.0,0.37
1972,CONFIRMED,34.141890000000,1.08000,244.0,0.84
1976,CONFIRMED,38.868404250000,3.31000,579.0,26.64
1977,CONFIRMED,74.927717520000,7.54000,466.0,11.10
1983,CONFIRMED,10.475481920000,2.21000,566.0,24.29
1984,CONFIRMED,22.928844820000,2.26000,436.0,8.54
1985,CONFIRMED,77.474072400000,2.89000,291.0,1.68
1987,CONFIRMED,6.885955590000,1.98000,933.0,179.51
1988,CONFIRMED,15.054868900000,1.73000,719.0,63.33
1989,CONFIRMED,2.927215590000,1.22000,1241.0,561.53
1990,CONFIRMED,38.285633800000,1.71000,527.0,18.23
1993,CONFIRMED,40.715110300000,2.15000,516.0,16.76
1994,CONFIRMED,10.446366490000,1.88000,812.0,102.77
1995,CONFIRMED,2.508554095000,1.33000,1278.0,629.80
1996,CONFIRMED,13.751346420000,1.96000,725.0,65.24
1997,CONFIRMED,5.419075590000,1.39000,989.0,225.71
2003,CONFIRMED,0.669309686000,1.21000,2079.0,4418.23
2038,CONFIRMED,69.726640600000,30.64000,551.0,21.75
2053,CONFIRMED,127.282403100000,9.32000,352.0,3.61
2054,CONFIRMED,30.183685400000,2.88000,568.0,24.60
2086,CONFIRMED,1.937032068000,0.95000,794.0,93.83
2087,CONFIRMED,7.061173590000,1.15000,516.0,16.74
2104,CONFIRMED,17.977615700000,1.62000,754.0,76.46
2105,CONFIRMED,11.869150700000,1.02000,866.0,133.14
2136,CONFIRMED,3.295703644000,3.80000,1014.0,249.85
2137,CONFIRMED,9.653476400000,3.25000,709.0,59.64
2138,CONFIRMED,5.315953474000,2.80000,864.0,131.97
2146,CONFIRMED,5.487110790000,3.50000,855.0,126.43
2147,CONFIRMED,8.290874180000,3.34000,745.0,73.01
2149,CONFIRMED,16.738659560000,2.68000,590.0,28.61
2153,CONFIRMED,7.240228500000,2.58000,803.0,98.13
2154,CONFIRMED,4.646210760000,1.82000,930.0,177.15
2155,CONFIRMED,17.326685990000,2.57000,600.0,30.63
2156,CONFIRMED,44.841221400000,2.74000,437.0,8.62
2164,CONFIRMED,114.736351900000,9.51000,444.0,9.15
2165,CONFIRMED,573.950230000000,4.96000,259.0,1.07
2169,CONFIRMED,10.415729240000,3.43000,855.0,126.30
2170,CONFIRMED,13.084240960000,3.21000,792.0,93.08
2185,CONFIRMED,8.725859360000,2.75000,932.0,178.73
2186,CONFIRMED,12.882964850000,2.94000,819.0,106.21
2187,CONFIRMED,27.434588300000,2.30000,636.0,38.78
2188,CONFIRMED,4.224513690000,1.30000,1188.0,470.83
2189,CONFIRMED,44.551841600000,2.08000,541.0,20.31
2195,CONFIRMED,9.695025440000,2.23000,833.0,114.06
2196,CONFIRMED,15.382500600000,2.19000,715.0,61.61
2199,CONFIRMED,5.923656340000,1.03000,529.0,18.58
2200,CONFIRMED,105.358596400000,2.09000,203.0,0.40
2202,CONFIRMED,56.476167000000,3.33000,448.0,9.52
2203,CONFIRMED,92.875034700000,2.38000,380.0,4.90
2204,CONFIRMED,13.930722780000,1.21000,714.0,61.47
2217,CONFIRMED,9.176135390000,1.57000,928.0,175.04
2218,CONFIRMED,19.738391300000,1.46000,719.0,63.07
2223,CONFIRMED,2.465026158000,0.70000,1558.0,1391.80
2243,CONFIRMED,19.747328460000,2.43000,735.0,68.96
2244,CONFIRMED,1.772449750000,0.98000,1641.0,1715.03
2266,CONFIRMED,14.970208100000,1.91000,785.0,89.93
2267,CONFIRMED,32.275211800000,1.70000,608.0,32.32
2280,CONFIRMED,1.544928883000,13.67000,2013.0,3878.74
2319,CONFIRMED,5.960401080000,2.87000,907.0,159.81
2320,CONFIRMED,2.461066550000,0.81000,1218.0,520.99
2335,CONFIRMED,96.105471000000,3.89000,378.0,4.81
2336,CONFIRMED,265.467621000000,3.64000,269.0,1.24
2342,CONFIRMED,6.827783900000,1.32000,562.0,23.64
2343,CONFIRMED,2.240486391000,1.19000,815.0,104.35
2393,CONFIRMED,5.524175170000,2.11000,951.0,193.67
2394,CONFIRMED,8.775085190000,1.85000,816.0,104.68
2413,CONFIRMED,4.662719058000,5.89000,1327.0,732.99
2414,CONFIRMED,11.815001300000,4.59000,973.0,211.78
2417,CONFIRMED,3.005155704000,1.94000,985.0,222.58
2441,CONFIRMED,7.794301316000,6.06000,862.0,130.75
2448,CONFIRMED,6.941359624000,5.22000,1240.0,558.39
2449,CONFIRMED,31.782092530000,4.56000,746.0,73.38
2450,CONFIRMED,4.362744362000,3.24000,1447.0,1035.22
2452,CONFIRMED,17.934656300000,1.41000,777.0,86.04
2453,CONFIRMED,8.371605020000,1.05000,1001.0,237.52
2456,CONFIRMED,13.093905100000,2.24000,805.0,99.10
2457,CONFIRMED,4.915387067000,1.78000,1116.0,366.09
2468,CONFIRMED,4.337224039000,1.59000,1016.0,251.75
2469,CONFIRMED,1.653893465000,0.96000,1403.0,915.40
2474,CONFIRMED,3.553829671000,1.93000,1493.0,1174.24
2475,CONFIRMED,1.678325450000,1.70000,1915.0,3180.75
2484,CONFIRMED,51.809669500000,3.25000,413.0,6.89
2485,CONFIRMED,4.385364610000,1.11000,941.0,185.34
2488,CONFIRMED,4.544437773000,2.94000,1105.0,352.71
2489,CONFIRMED,12.762249470000,3.33000,783.0,89.04
2490,CONFIRMED,38.714683300000,3.01000,541.0,20.26
2495,CONFIRMED,4.580338622000,2.79000,1258.0,591.98
2496,CONFIRMED,2.248288538000,2.55000,1594.0,1524.71
2497,CONFIRMED,6.766898110000,2.43000,1104.0,351.72
2528,CONFIRMED,6.319427270000,2.62000,1057.0,294.92
2529,CONFIRMED,12.209453510000,2.54000,848.0,122.51
2538,CONFIRMED,2.549563296000,1.31000,690.0,53.66
2539,CONFIRMED,13.969482450000,1.70000,392.0,5.56
2540,CONFIRMED,5.212315850000,1.24000,544.0,20.69
2547,CONFIRMED,71.311658300000,5.18000,473.0,11.79
2548,CONFIRMED,34.917659200000,3.33000,600.0,30.56
2549,CONFIRMED,18.684805700000,2.06000,384.0,5.12
2550,CONFIRMED,7.416343110000,1.36000,522.0,17.59
2570,CONFIRMED,15.955450020000,2.21000,570.0,25.00
2571,CONFIRMED,8.259815320000,1.31000,710.0,60.12
2575,CONFIRMED,8.457474830000,1.99000,538.0,19.88
2576,CONFIRMED,17.281152100000,2.05000,424.0,7.66
2577,CONFIRMED,32.134073700000,1.92000,345.0,3.35
2588,CONFIRMED,7.626340630000,1.45000,792.0,93.25
2589,CONFIRMED,15.995611400000,1.30000,619.0,34.74
2590,CONFIRMED,34.211305400000,1.41000,481.0,12.61
2593,CONFIRMED,12.551093330000,1.46000,470.0,11.52
2594,CONFIRMED,24.088256800000,1.20000,378.0,4.83
2595,CONFIRMED,12.758028110000,1.37000,791.0,92.52
2596,CONFIRMED,5.470336940000,1.03000,1049.0,286.03
2597,CONFIRMED,25.098527830000,1.39000,631.0,37.55
2603,CONFIRMED,6.562257280000,1.69000,972.0,211.43
2604,CONFIRMED,67.845077100000,1.48000,447.0,9.40
2605,CONFIRMED,20.678793550000,1.66000,651.0,42.43
2606,CONFIRMED,9.599931390000,1.42000,841.0,117.97
2607,CONFIRMED,2.024820339000,0.73000,1412.0,938.74
2619,CONFIRMED,68.958608000000,0.98000,402.0,6.20
2623,CONFIRMED,9.693155660000,1.76000,1004.0,240.44
2624,CONFIRMED,3.292769650000,1.30000,1438.0,1011.58
2625,CONFIRMED,13.727074490000,2.47000,1005.0,241.39
2626,CONFIRMED,24.311139900000,2.37000,831.0,112.73
2627,CONFIRMED,44.430136100000,2.80000,680.0,50.44
2628,CONFIRMED,9.341445480000,1.76000,1143.0,403.94
2629,CONFIRMED,4.977619960000,1.46000,954.0,195.78
2630,CONFIRMED,10.558389560000,1.16000,742.0,71.84
2631,CONFIRMED,6.988033450000,1.18000,852.0,124.48
2632,CONFIRMED,22.824548500000,5.69000,1448.0,1040.56
2633,CONFIRMED,14.844416300000,4.61000,1672.0,1846.81
2656,CONFIRMED,8.010413050000,1.73000,948.0,190.85
2657,CONFIRMED,27.666597100000,1.96000,627.0,36.57
2658,CONFIRMED,5.195567580000,1.14000,1095.0,340.45
2659,CONFIRMED,42.473057500000,2.43000,544.0,20.66
2662,CONFIRMED,15.170261790000,1.82000,868.0,134.29
2663,CONFIRMED,39.457152200000,2.32000,631.0,37.52
2665,CONFIRMED,26.234847800000,1.59000,723.0,64.69
2669,CONFIRMED,17.815950670000,2.81000,699.0,56.48
2671,CONFIRMED,8.968481080000,1.79000,946.0,189.40
2672,CONFIRMED,23.221818900000,1.53000,689.0,53.23
2683,CONFIRMED,21.963990840000,2.64000,643.0,40.41
2684,CONFIRMED,125.602302000000,3.19000,360.0,3.95
2692,CONFIRMED,9.387428890000,1.22000,564.0,23.88
2693,CONFIRMED,7.415578590000,0.79000,610.0,32.70
2694,CONFIRMED,6.511119850000,2.71000,1008.0,243.67
2695,CONFIRMED,23.851630320000,3.30000,654.0,43.19
2710,CONFIRMED,12.798304400000,1.99000,811.0,102.02
2711,CONFIRMED,27.321633200000,1.64000,629.0,37.07
2735,CONFIRMED,7.056752890000,1.33000,1110.0,358.82
2736,CONFIRMED,17.265464400000,1.07000,824.0,108.97
2749,CONFIRMED,5.929736440000,1.89000,987.0,224.50
2750,CONFIRMED,12.247641450000,1.97000,775.0,85.38
2753,CONFIRMED,17.848480820000,2.45000,838.0,116.48
2754,CONFIRMED,26.136351100000,2.46000,738.0,70.03
2755,CONFIRMED,11.189610000000,1.50000,979.0,216.92
2758,CONFIRMED,57.248669100000,3.26000,430.0,8.08
2759,CONFIRMED,37.054856900000,2.74000,497.0,14.42
2761,CONFIRMED,16.332698540000,1.25000,583.0,27.22
2762,CONFIRMED,10.055453370000,0.89000,685.0,51.99
2772,CONFIRMED,8.411002870000,1.76000,485.0,13.04
2773,CONFIRMED,5.795297100000,1.08000,549.0,21.42
2777,CONFIRMED,8.305374900000,2.12000,831.0,112.98
2778,CONFIRMED,12.513667540000,1.92000,725.0,65.43
2779,CONFIRMED,17.913373900000,1.27000,644.0,40.59
2780,CONFIRMED,25.215287500000,1.21000,574.0,25.73
2788,CONFIRMED,5.476653680000,2.00000,740.0,71.00
2789,CONFIRMED,24.210217100000,1.47000,451.0,9.80
2790,CONFIRMED,16.934774800000,1.33000,508.0,15.77
2798,CONFIRMED,25.762452400000,2.83000,662.0,45.27
2799,CONFIRMED,11.031730700000,1.50000,878.0,140.18
2801,CONFIRMED,13.121635510000,1.64000,852.0,124.49
2802,CONFIRMED,4.612680450000,1.30000,1207.0,501.53
2827,CONFIRMED,49.500495200000,3.38000,408.0,6.56
2828,CONFIRMED,6.475389190000,1.90000,804.0,98.78
2829,CONFIRMED,16.858277220000,2.50000,584.0,27.57
2838,CONFIRMED,83.488621800000,3.39000,411.0,6.76
2839,CONFIRMED,34.060763100000,2.91000,554.0,22.32
2846,CONFIRMED,7.132943630000,1.97000,1202.0,492.93
2847,CONFIRMED,8.919024470000,2.11000,1115.0,365.49
2848,CONFIRMED,11.898493200000,1.76000,1013.0,249.12
2855,CONFIRMED,57.689911800000,5.15000,507.0,15.62
2856,CONFIRMED,25.563857600000,3.83000,665.0,46.22
2857,CONFIRMED,77.085964000000,30.34000,460.0,10.61
2881,CONFIRMED,3.289722169000,1.62000,1296.0,667.45
2882,CONFIRMED,7.186452600000,2.11000,998.0,234.86
2884,CONFIRMED,15.942515220000,2.70000,616.0,34.06
2885,CONFIRMED,12.330904370000,2.49000,671.0,47.99
2887,CONFIRMED,15.725890610000,2.81000,599.0,30.51
2905,CONFIRMED,6.246680050000,15.39000,1917.0,3192.12
2907,CONFIRMED,55.186669500000,2.24000,561.0,23.50
2909,CONFIRMED,8.486535760000,1.29000,1048.0,285.35
2921,CONFIRMED,37.865898200000,1.68000,479.0,12.44
2922,CONFIRMED,10.327380170000,0.84000,739.0,70.33
2923,CONFIRMED,11.932086900000,2.98000,1112.0,360.83
2924,CONFIRMED,7.542339110000,2.35000,1295.0,663.99
2925,CONFIRMED,3.614613530000,1.74000,1655.0,1774.42
2931,CONFIRMED,59.981058600000,1.99000,549.0,21.46
2932,CONFIRMED,25.745752900000,1.45000,728.0,66.29
2946,CONFIRMED,10.664875370000,1.83000,868.0,134.22
2947,CONFIRMED,17.783559800000,1.63000,732.0,67.91
2955,CONFIRMED,3.281920910000,1.48000,1318.0,714.01
2956,CONFIRMED,12.516181640000,1.79000,844.0,119.76
2965,CONFIRMED,37.815621900000,1.15000,393.0,5.66
2966,CONFIRMED,53.577837600000,1.36000,350.0,3.55
2970,CONFIRMED,26.847632500000,1.22000,523.0,17.69
2971,CONFIRMED,72.381301000000,1.42000,376.0,4.71
2975,CONFIRMED,14.871535140000,1.32000,339.0,3.13
2976,CONFIRMED,2.732766619000,1.00000,597.0,29.95
2980,CONFIRMED,19.023152000000,1.91000,649.0,41.84
2981,CONFIRMED,4.579509460000,1.30000,1043.0,279.82
2996,CONFIRMED,34.762992300000,1.69000,560.0,23.26
2997,CONFIRMED,67.968702600000,1.54000,448.0,9.51
2999,CONFIRMED,20.054507700000,2.47000,792.0,92.88
3000,CONFIRMED,30.090487700000,2.44000,692.0,54.11
3001,CONFIRMED,6.849762060000,1.43000,1132.0,388.62
3028,CONFIRMED,5.535329550000,1.38000,962.0,202.49
3029,CONFIRMED,16.726052000000,1.15000,665.0,46.30
3031,CONFIRMED,3.282802660000,1.09000,1226.0,533.90
3032,CONFIRMED,5.028186140000,1.29000,1063.0,302.13
3033,CONFIRMED,1.897834018000,1.04000,1471.0,1106.24
3053,CONFIRMED,19.986615700000,2.95000,629.0,37.06
3054,CONFIRMED,12.125829910000,1.58000,743.0,72.15
3104,CONFIRMED,14.172204320000,1.72000,804.0,98.70
3105,CONFIRMED,4.920312170000,0.95000,1143.0,404.08
3106,CONFIRMED,27.014178300000,1.58000,626.0,36.35
3107,CONFIRMED,12.509452500000,1.16000,810.0,101.51
3116,CONFIRMED,16.092314740000,2.38000,812.0,102.70
3117,CONFIRMED,28.905968700000,1.80000,668.0,47.05
3119,CONFIRMED,62.784500200000,2.12000,523.0,17.70
3120,CONFIRMED,20.098421500000,1.44000,765.0,80.76
3170,CONFIRMED,3.930871000000,1.07000,1266.0,608.08
3171,CONFIRMED,7.630068480000,1.25000,1015.0,251.30
3191,CONFIRMED,13.391528730000,1.41000,1198.0,486.94
3192,CONFIRMED,5.629025790000,1.31000,1599.0,1544.99
3209,CONFIRMED,35.968234400000,2.06000,616.0,34.05
3210,CONFIRMED,110.973780000000,1.48000,423.0,7.58
3221,CONFIRMED,5.262126930000,1.46000,1019.0,255.13
3222,CONFIRMED,12.162815520000,1.68000,771.0,83.48
3264,CONFIRMED,12.904754630000,1.39000,564.0,23.95
3265,CONFIRMED,31.200933300000,1.39000,420.0,7.37
3266,CONFIRMED,22.596599900000,1.12000,620.0,34.92
3267,CONFIRMED,45.348527700000,1.20000,491.0,13.79
3290,CONFIRMED,15.162273500000,3.30000,850.0,123.31
3291,CONFIRMED,10.043770840000,3.21000,975.0,213.65
3306,CONFIRMED,25.193446700000,1.78000,502.0,15.07
3307,CONFIRMED,12.310284600000,1.26000,638.0,39.15
3308,CONFIRMED,6.791647860000,1.08000,1073.0,313.08
3309,CONFIRMED,11.837726100000,1.06000,891.0,149.02
3335,CONFIRMED,3.173233060000,0.91000,830.0,112.21
3336,CONFIRMED,13.297069690000,0.96000,515.0,16.64
3343,CONFIRMED,3.244164630000,1.58000,1049.0,285.91
3345,CONFIRMED,14.512309900000,1.45000,636.0,38.75
3372,CONFIRMED,6.738112190000,0.78000,786.0,90.19
3373,CONFIRMED,13.060042200000,0.81000,630.0,37.30
3408,CONFIRMED,64.001151000000,1.90000,271.0,1.28
3423,CONFIRMED,7.416809020000,2.21000,1300.0,675.25
3424,CONFIRMED,20.485440300000,2.38000,927.0,174.32
3474,CONFIRMED,5.341858040000,1.19000,1360.0,807.67
3475,CONFIRMED,10.423120410000,1.31000,1088.0,330.95
3488,CONFIRMED,9.182471940000,1.51000,1228.0,537.32
3489,CONFIRMED,14.613425100000,1.40000,1052.0,289.17
3491,CONFIRMED,8.005053420000,1.72000,1063.0,302.24
3492,CONFIRMED,12.130652930000,1.81000,926.0,173.59
3552,CONFIRMED,34.989447500000,1.25000,264.0,1.14
3553,CONFIRMED,7.054273180000,0.78000,450.0,9.66
3576,CONFIRMED,88.511256300000,6.07000,417.0,7.17
3577,CONFIRMED,42.992553020000,3.49000,531.0,18.79
3589,CONFIRMED,135.497774500000,5.70000,273.0,1.31
3590,CONFIRMED,22.250824700000,1.78000,498.0,14.57
3603,CONFIRMED,4.081411491000,0.97000,764.0,80.42
3604,CONFIRMED,11.419453870000,0.98000,542.0,20.42
3618,CONFIRMED,4.871222215000,2.09000,362.0,4.05
3619,CONFIRMED,2.984153469000,1.41000,426.0,7.81
3620,CONFIRMED,8.152731150000,2.36300,305.0,
3623,CONFIRMED,58.034108600000,1.96000,392.0,5.57
3624,CONFIRMED,14.425255650000,1.01000,623.0,35.63
3625,CONFIRMED,26.675705400000,1.58000,508.0,15.69
3629,CONFIRMED,9.024398890000,1.69000,977.0,215.36
3630,CONFIRMED,17.340884620000,1.50000,786.0,90.17
3633,CONFIRMED,14.383387340000,1.79000,956.0,197.30
3634,CONFIRMED,47.318300200000,2.46000,643.0,40.32
3647,CONFIRMED,6.124818140000,1.60000,1213.0,510.94
3648,CONFIRMED,11.242835410000,1.59000,990.0,227.09
3649,CONFIRMED,4.028754810000,1.26000,1393.0,890.89
3650,CONFIRMED,8.921160200000,1.26000,1070.0,309.39
3661,CONFIRMED,7.031443080000,1.09000,1038.0,274.53
3663,CONFIRMED,54.281203100000,1.43000,525.0,18.02
3704,CONFIRMED,11.828884300000,1.18000,730.0,67.13
3705,CONFIRMED,14.751203400000,1.63000,678.0,49.97
3785,CONFIRMED,1.565412847000,2.61000,727.0,66.11
3786,CONFIRMED,5.148928900000,2.44000,489.0,13.55
3787,CONFIRMED,3.036216790000,2.10000,583.0,27.40
4034,CONFIRMED,29.727214200000,3.81000,555.0,22.47
4035,CONFIRMED,10.613694790000,2.34000,783.0,88.72
4083,CONFIRMED,11.921621400000,1.22000,1109.0,357.45
4084,CONFIRMED,6.802521710000,0.97000,1337.0,755.47
4085,CONFIRMED,8.703370440000,0.92000,1231.0,543.20
4149,CONFIRMED,3.600106155000,0.31000,863.0,131.31
4150,CONFIRMED,4.545878442000,0.39000,799.0,96.19
4151,CONFIRMED,6.189406390000,0.40000,721.0,63.89
4152,CONFIRMED,7.743476140000,0.42000,669.0,47.32
4153,CONFIRMED,9.740484180000,0.51000,620.0,34.84
4247,CONFIRMED,66.650548200000,1.37000,294.0,1.78
4279,CONFIRMED,35.233180000000,0.98000,273.0,1.31
4705,CONFIRMED,282.525485600000,11.24000,306.0,2.06
5070,CONFIRMED,178.140456000000,2.33000,284.0,1.54
5164,CONFIRMED,101.111497600000,1.47000,201.0,0.39
5752,CONFIRMED,207.247959000000,1.93000,194.0,0.34
5877,CONFIRMED,112.306839000000,1.56000,260.0,1.08
5880,CONFIRMED,177.669112000000,2.20000,246.0,0.86